"language","id","level","prompt","answer","choices","example","pronunciation","人の判定(OK/NG/保留)","備考"
"english","en-07340","5","「correlation」の意味は？","相関","検査官 / 相関 / 概して / 趣味","There is a correlation between sleep and health. — 睡眠と健康の間には相関がある。","/ˌkɔɹəˈɫeɪʃən/","",""
"english","en-09131","5","「introductory」の意味は？","入門の，序論の","ハイキング / 行政 / 入門の，序論の / 感動した","We watched an introductory video about the school. — わたしたちは学校紹介のビデオを見た。","/ˌɪntɹəˈdəktɝi/","",""
"english","en-06866","5","「composer」の意味は？","作曲家","作曲家 / 裸の / 料理 / 鉄道","The composer wrote this song for the movie. — その作曲家は映画のためにこの歌を書いた。","/kəmˈpoʊzɝ/","",""
"english","en-06870","5","「photographic」の意味は？","写真の","平等 / くぼみ / 不在の / 写真の","He has great photographic skills. — 彼はすばらしい写真の技術を持っている。","/ˌfoʊtəˈɡɹæfɪk/","",""
"english","en-04905","4","「productivity」の意味は？","生産性","生産性 / ジェット機 / ベクトル / 調整役","Good rest improves the productivity of workers. — よい休息は働く人の生産性を高める。","/ˌpɹoʊdəkˈtɪvəti/","",""
"english","en-00683","1","「yesterday」の意味は？","昨日","人口 / 昨日 / 独身の / 復習","It rained all day yesterday. — 昨日は一日中雨が降った。","/ˈjɛstɝˌdeɪ/","",""
"english","en-04469","4","「resume」の意味は？","再開する","磨く / 再開する / 威厳のある / 軽くたたく","We will resume the game after lunch. — 昼食後に試合を再開する。","/ˈɹɛzəˌmeɪ/","",""
"english","en-06806","5","「accordingly」の意味は？","従って","ケイ素 / モーテル / 従って / 拡大","The rules changed, and we acted accordingly. — 規則が変わったので、わたしたちはそれに従って行動した。","/əˈkɔɹdɪŋɫi/","",""
"english","en-00673","1","「holiday」の意味は？","休日","管理者 / 接触 / 鍵 / 休日","We went to the sea during the holiday. — 休日に海へ行った。","/ˈhɑɫəˌdeɪ/","",""
"english","en-08397","5","「abandoned」の意味は？","見捨てられた","見捨てられた / 後退 / 二の次の事 / 地下室","The abandoned house stood at the end of the street. — 見捨てられた家が通りの突き当たりに立っていた。","/əˈbændənd/","",""
"english","en-21424","6","「chalk」の意味は？","チョーク","ココア / 記念碑 / チョーク / 直観","The teacher wrote the date with white chalk. — 先生は白いチョークで日付を書いた。","/ˈtʃɑk/","",""
"english","en-02773","3","「weekly」の意味は？","毎週の","ナイフ / 神経 / 最新の / 毎週の","Our weekly meeting is on Monday morning. — 私たちの毎週の会議は月曜の朝にある。","/ˈwikɫi/","",""
"english","en-21440","6","「sinister」の意味は？","不吉な","男らしい / 不吉な / ひどく醜い / 罪のあがない","The dark clouds gave the castle a sinister look. — 暗い雲が城に不吉な雰囲気を与えた。","/ˈsɪnɪstɝ/","",""
"english","en-08357","5","「occasional」の意味は？","時折の","目立った / 増幅器 / 時折の / 親の","We enjoy an occasional trip to the hot spring. — わたしたちは時折の温泉旅行を楽しんでいる。","/əˈkeɪʒənəɫ/","",""
"english","en-21588","7","「troll」の意味は？","荒らす，流し釣りする","荒らす，流し釣りする / 州警察官 / 正面の / ひどくおしゃべりの","Don't feed the troll! — ネタにマジレスするな。","/ˈtɹoʊɫ/","",""
"english","en-22640","7","「valiant」の意味は？","勇敢な","勇敢な / 恵まれない / 胸が大きい / 不名誉な","The valiant firefighters entered the burning house. — 勇敢な消防士たちは燃える家に入って行った。","/ˈvæɫjənt/","",""
"english","en-21596","7","「annoy」の意味は？","困らせる","勇気のある / 人を鼓舞する / 困らせる / 傾向がある","Loud noises annoy my grandmother very much. — 大きな音は祖母をとても困らせる。","/əˈnɔɪ/","",""
"english","en-09224","5","「heel」の意味は？","かかと","かかと / ヘリコプター / 生存者 / 自治体","My left heel hurts after the long walk. — 長く歩いたあと、左のかかとが痛む。","/ˈhiɫ/","",""
"english","en-21508","7","「gadget」の意味は？","ガジェット","塹壕 / ガジェット / ちびっ子 / マント","My father bought a new kitchen gadget. — 父は新しい台所用ガジェットを買った。","/ˈɡædʒət/","",""
"english","en-01712","3","「witness」の意味は？","目撃者","信頼 / 海岸 / 目撃者 / 普通の","A witness saw the car accident clearly. — 目撃者はその自動車事故をはっきり見た。","/ˈwɪtnəs/","",""
"english","en-20080","6","「gunshot」の意味は？","銃声","銃声 / 仲間 / お母さん / 叫び","We heard a gunshot in the movie scene. — 映画の場面で銃声が聞こえた。","/ˈɡənˌʃɑt/","",""
"english","en-06358","5","「monkey」の意味は？","サル","小売業者 / サル / 草の / 間隔","A monkey climbed the tall tree quickly. — サルはすばやく高い木に登った。","/ˈməŋki/","",""
"english","en-00800","2","「unit」の意味は？","単位","スコア / 一致 / 単位 / 人口","A meter is a unit of length. — メートルは長さの単位だ。","/ˈjunət/","",""
"english","en-21248","6","「ghetto」の意味は？","スラム街","大当たり / 公然と / スラム街 / ケチャップ","The doctor opened a free clinic in the ghetto. — その医師はスラム街に無料の診療所を開いた。","/ˈɡɛtoʊ/","",""
"english","en-01019","2","「invite」の意味は？","招待する","招待する / 手配する / 写す / 警告する","We invited our neighbors to the party. — 私たちは隣人をパーティーに招待した。","/ˌɪnˈvaɪt/","",""
"english","en-20126","6","「confession」の意味は？","自白","にこにこした / ツル / 自白 / 〜さん","His honest confession surprised the teacher. — 彼の正直な自白は先生を驚かせた。","/kənˈfɛʃən/","",""
"english","en-20150","6","「hail」の意味は？","あられ","甥 / 自白 / 罪悪感 / あられ","Hail fell suddenly during the afternoon storm. — 午後の嵐の間に突然あられが降った。","/ˈheɪɫ/","",""
"english","en-01075","2","「wonderful」の意味は？","素晴らしい","ほとんど〜ない / 大きい / おもな / 素晴らしい","We had a wonderful time at the beach. — 浜辺で素晴らしい時間を過ごした。","/ˈwəndɝfəɫ/","",""
"english","en-20186","6","「alley」の意味は？","小路","罪悪感 / 頭痛 / 小路 / のどの渇いた","A small cat appeared from the narrow alley. — 狭い小路から小さなネコが現れた。","/ˈæɫi/","",""
"english","en-01061","2","「percentage」の意味は？","割合","消費者 / 割合 / 性 / 雑誌","A large percentage of students like music. — 大きな割合の生徒が音楽を好む。","/pɝˈsɛnədʒ/","",""
"chinese","zh-03955","5","「献」の意味は？","捧げる","判断する / 捧げる / 手当を出す / 信じる","他把一生都献给了教育。 — 彼は一生を教育に捧げた。","xiàn","",""
"chinese","zh-03431","5","「古老」の意味は？","古くからの","親しみ深い / 濃い / 古くからの / 心地よい","这是一座古老的城市。 — これは古くからの都市だ。","gǔlǎo","",""
"chinese","zh-03909","5","「推行」の意味は？","推し進める","推し進める / 収入 / （〜を）含めて / 話す","学校开始推行新的规定。 — 学校は新しい規則を推し進め始めた。","tuīxíng","",""
"chinese","zh-03931","5","「污染」の意味は？","汚染する","促す / 労働 / 汚染する / 大切にする","工厂的烟污染了空气。 — 工場の煙が空気を汚染した。","wūrǎn","",""
"chinese","zh-01590","3","「尽量」の意味は？","できるだけ","ついに / できるだけ / ただ / 時折","你要尽量早点来。 — あなたはできるだけ早く来なさい。","jǐnliàng","",""
"chinese","zh-03925","5","「胃」の意味は？","胃","ゼロ / 胃 / 茶碗 / チョコレート","他今天胃有点不舒服。 — 彼は今日胃が少し調子が悪い。","wèi","",""
"chinese","zh-01542","3","「记者」の意味は？","記者","基準 / 夜 / 火事になる / 記者","他是一名记者。 — 彼は記者だ。","jìzhě","",""
"chinese","zh-01534","3","「基本」の意味は？","基本的な","基本的な / 涼しい / 慌ただしい / 感動する","这是最基本的要求。 — これは最も基本的な要求だ。","jīběn","",""
"chinese","zh-00097","1","「房间」の意味は？","部屋","箱 / 木の葉 / 部屋 / 男女","我的房间很干净。 — 私の部屋はとても清潔だ。","fángjiān","",""
"chinese","zh-00027","1","「病」の意味は？","病気","西部 / 病気 / これによって / 女子","他生了一场病。 — 彼は病気にかかった。","bìng","",""
"chinese","zh-00057","1","「打电话」の意味は？","電話をかける","電話をかける / 子供の頃 / 零下 / 幽霊","我给妈妈打电话。 — 私は母に電話をかける。","dǎ diànhuà","",""
"chinese","zh-00047","1","「出」の意味は？","出る","強いられる / 暗示する / 出る / 報道する","太阳出来了。 — 太陽が出た。","chū","",""
"chinese","zh-03724","5","「枪」の意味は？","銃","国外 / 銃 / お腹 / 青年","警察带着一把枪。 — 警察は銃を一丁携えている。","qiāng","",""
"chinese","zh-03740","5","「情形」の意味は？","ありさま","国籍 / 手 / ありさま / 感情","请你说说当时的情形。 — 当時のありさまを話してください。","qíngxing","",""
"chinese","zh-00989","2","「提」の意味は？","持ち上げる","管理する / 〜すべき / 推し進める / 持ち上げる","他手里提着一个包。 — 彼は手にかばんを持ち上げている。","tí","",""
"chinese","zh-04080","5","「灾」の意味は？","災い","仲介 / いくつ / 電話 / 災い","今年这里没有大的灾。 — 今年ここには大きな災いがない。","zāi","",""
"chinese","zh-00931","2","「认为」の意味は？","〜と思う","〜と思う / 対比する / 破壊する / 独立する","我认为他是对的。 — 私は彼が正しいと思う。","rènwéi","",""
"chinese","zh-00909","2","「请客」の意味は？","おごる","おごる / 風邪 / いくつか / もし〜なら","今天我请客。 — 今日は私がおごる。","qǐngkè","",""
"chinese","zh-04172","5","「注视」の意味は？","注視する","発揮する / 注視する / 〜すべき / どうしようもない","他认真地注视着黑板。 — 彼は真剣に黒板を注視している。","zhùshì","",""
"chinese","zh-00783","2","「开心」の意味は？","楽しい","普遍的な / 単調な / 楽しい / 熱心な","今天玩得很开心。 — 今日はとても楽しく遊んだ。","kāixīn","",""
"chinese","zh-00793","2","「可是」の意味は？","しかし","踊り / しかし / ほどなくして / 表面","我想去，可是没有时间。 — 行きたい、しかし時間がない。","kěshì","",""
"chinese","zh-03956","5","「乡」の意味は？","田舎","眼鏡 / 田舎 / 団体 / 閲覧室","他很想回自己的家乡。 — 彼は自分の田舎にとても帰りたい。","xiāng","",""
"chinese","zh-03430","5","「估计」の意味は？","見積もる","上昇する / 近づく / 吐く / 見積もる","我估计明天会下雨。 — 私は明日雨が降ると見積もる。","gūjì","",""
"chinese","zh-03908","5","「团长」の意味は？","団長","団長 / アルファベット / 場合 / 美女","他是我们团的团长。 — 彼は私たちの団の団長だ。","tuánzhǎng","",""
"chinese","zh-03936","5","「舞」の意味は？","踊り","熱心な / 資本 / 見た目には / 踊り","她跳的舞非常好看。 — 彼女の踊りはとても美しい。","wǔ","",""
"chinese","zh-01591","3","「紧」の意味は？","きつい","消極的な / きつい / 見事な / 少なくとも","这件衣服有点紧。 — この服は少しきつい。","jǐn","",""
"chinese","zh-03924","5","「卫星」の意味は？","衛星","衛星 / 心理 / おととい / 歯","天上有很多人造卫星。 — 空にはたくさんの人工衛星がある。","wèixīng","",""
"chinese","zh-02210","4","「毕业」の意味は？","卒業する","貧しい人 / 花が咲く / 卒業する / 外交","他明年就要毕业了。 — 彼は来年卒業する。","bìyè","",""
"chinese","zh-01545","3","「技术」の意味は？","技術","技術 / 表情 / 準優勝 / 思いがけない","他的技术很好。 — 彼の技術はとても良い。","jìshù","",""
"chinese","zh-01535","3","「基本上」の意味は？","基本的に","免れない / もっと / ほとんど / 基本的に","工作基本上做完了。 — 仕事は基本的に終わった。","jīběnshàng","",""
"japanese","jp-04005","4","「助教授」の意味は？","assistant professor","iron manufacture / assistant professor / Buddhist temple / to omit","私は教授です、いやもっと正確に言えば、助教授です。 — I'm a professor, or rather an associate professor, to be exact.","じょきょうじゅ (jokyouju)","",""
"japanese","jp-06452","5","「大部」の意味は？","lengthy","lengthy / looking away / mouse / to grow senile","彼らは大部分若い娘たちだった。 — They were for the most part young girls.","たいぶ (taibu)","",""
"japanese","jp-01109","2","「見つける」の意味は？","to find","to find / paste / uproar / taste","彼の家を見つけるのに苦労した。 — I had a hard time finding his house.","みつける (mitsukeru)","",""
"japanese","jp-01171","2","「世話」の意味は？","care","customs / minuscule amount / care / noisy","あんたは世話の焼けるひとだね。 — You're a troublesome person!","せわする (sewasuru)","",""
"japanese","jp-01165","2","「直る」の意味は？","to get mended","to get mended / simple / a certain ... / auditorium","離婚から立ち直るには時間がかかる。 — It takes time to get over a divorce.","なおる (naoru)","",""
"japanese","jp-04126","4","「先祖」の意味は？","ancestor","to call / engine / ancestor / to hide","この先祖伝来の家宝は君の物だ。 — This heirloom shall be yours.","せんぞ (senzo)","",""
"japanese","jp-04130","4","「全般」の意味は？","(the) whole","shoes / bone fracture / ground / (the) whole","そのことは人間全般に言える。 — That can be said of mankind at large.","ぜんぱん (zenpan)","",""
"japanese","jp-04146","4","「そうっと」の意味は？","softly","to pass (e.g. car) / softly / fusuma / house","僕はそうっと自分の寝室に行った。 — I went up to my bedroom on tiptoe.","そうっと (soutto)","",""
"japanese","jp-04154","4","「測定」の意味は？","measurement","bowl / to delay / measurement / postage stamp","速度を測定する方法はいくつかある。 — There are several ways to measure speed.","そくてい (sokutei)","",""
"japanese","jp-05629","5","「貝殻」の意味は？","seashell","exclusive use / order / side / seashell","私は岸辺で美しい貝殻を見つけた。 — I found a beautiful shell on the shore.","かいがら (kaigara)","",""
"japanese","jp-06215","5","「庶務」の意味は？","general affairs","ingredient / retirement age / general affairs / a short while ago","彼女は庶務課に所属している。 — She is attached to the general affairs section.","しょむ (shomu)","",""
"japanese","jp-02474","3","「縁」の意味は？","rim","to spill / rim / import / business card","彼らは水瓶を縁まで一杯にした。 — So they filled them to the brim.","えん (en)","",""
"japanese","jp-02410","3","「利口」の意味は？","clever","character / clever / wonderful / large","彼女はあなたほど利口ではない。 — She is less intelligent than you.","りこう (rikou)","",""
"japanese","jp-04004","4","「初級」の意味は？","elementary level","poem / fast / battle / elementary level","これは初級の教科書です。 — This is a beginner's textbook.","しょきゅう (shokyuu)","",""
"japanese","jp-06453","5","「大便」の意味は？","feces","magnificent / dizziness / feces / medicine","病院で大便の検査をした。 — I had a stool examination at the hospital.","だいべん (daiben)","",""
"japanese","jp-01108","2","「田舎」の意味は？","rural area","rural area / quite / slope / patient's chart","彼らは戦争中田舎に住んでいた。 — They lived in the countryside during the war.","いなか (inaka)","",""
"japanese","jp-01172","2","「近所」の意味は？","neighbourhood","compensation / stone monument bearing an inscription / afternoon / neighbourhood","彼らは近所の人たちと仲がよい。 — They are on good terms with their neighbors.","きんじょ (kinjo)","",""
"japanese","jp-01164","2","「安心」の意味は？","peace of mind","moreover / peace of mind / cool / calligraphy (esp. Asian calligraphy based on Chinese characters)","ここはすごく安心感を覚えるわ。 — We feel very safe here.","あんしん (anshin)","",""
"japanese","jp-04127","4","「先端」の意味は？","pointed end","calendar / pointed end / fluorescent lamp / smoky","彼女は先端を行っています。 — She is on the cutting edge.","せんたん (sentan)","",""
"japanese","jp-06580","5","「調理」の意味は？","cooking","lawsuit / jacket / cooking / to get angry","この調理法は中国独特のものだ。 — This style of cooking is peculiar to China.","ちょうり (chouri)","",""
"japanese","jp-04137","4","「雑巾」の意味は？","house-cloth","house-cloth / as expected / moving from place to place / nice to meet you","雑巾とタオルを一緒くたにしてはいけない。 — You shouldn't keep towels and cleaning rags together.","ぞうきん (zoukin)","",""
"japanese","jp-04147","4","「送別」の意味は？","farewell","fire / farewell / employee / the former","送別会は来週行われるでしょう。 — The farewell party will take place next week.","そうべつ (soubetsu)","",""
"japanese","jp-04157","4","「素質」の意味は？","makings (of)","another time / makings (of) / hammer / to part","彼は将来指導者になる素質がある。 — He is a potential leader.","そしつ (soshitsu)","",""
"japanese","jp-03558","4","「かけざん」の意味は？","multiplication","criticism / multiplication / entrusting / battle","","かけざん (kakezan)","",""
"japanese","jp-04759","4","「目指す」の意味は？","to aim at (for, to do, to become)","curve / information / to swell / to aim at (for, to do, to become)","経済の安定はすべての政府の目指すところだ。 — A stable economy is the aim of every government.","めざす (mezasu)","",""
"japanese","jp-06216","5","「所有」の意味は？","possession","there / possession / by force / acceptable","彼は莫大な財産を所有している。 — He is possessed of a great fortune.","しょゆう (shoyuu)","",""
"japanese","jp-02475","3","「尾」の意味は？","tail","tail / to be tied together / traditional cap worn by Shinto clergy and courtiers / itemization","誰か尾の男を捕まえてください。 — Someone! Catch that man!","お (o)","",""
"japanese","jp-02429","3","「連続」の意味は？","continuation","oxygen / end of term / continuation / substitute","人生は全て活動の連続である。 — All life is a series of activities.","れんぞく (renzoku)","",""
"japanese","jp-02411","3","「離婚」の意味は？","divorce","devil / divorce / silence / international","時々、彼と離婚しようと思うの。 — Now and then I think of divorcing him.","りこん (rikon)","",""
"japanese","jp-02405","3","「楽」の意味は？","comfort","to follow / if / comfort / nodding off","旅ほど楽しいものはありません。 — Nothing is more delightful to me than travelling.","らく (raku)","",""
"korean","ko-01524","1","「햇살」の意味は？","日差し","日差し / よりによって / もしかして / 両親","","haetsal","",""
"korean","ko-00269","1","「지도」の意味は？","地図","だが / 地図 / 島 / 予防","나는 지도를 보고 길을 찾는다. — 私は地図を見て道を探す。","jido","",""
"korean","ko-00268","1","「표」の意味は？","切符","広告主 / 芸術 / 切符 / 自然","나는 기차 표를 산다. — 私は汽車の切符を買う。","pyo","",""
"korean","ko-01529","1","「뒷산」の意味は？","裏山","郵便局 / 机 / 賢明だ / 裏山","","dwitsan","",""
"korean","ko-00270","1","「교통」の意味は？","交通","環境 / 運賃 / 交通 / 家事","이 도시는 교통이 아주 편리하다. — この都市は交通がとても便利だ。","gyotong","",""
"korean","ko-01350","1","「가구」の意味は？","家具","電気 / お腹 / 医学 / 家具","","gagu","",""
"korean","ko-01528","1","「끼니」の意味は？","食事（回数）","食事（回数） / 自然だ / 学校の休み / 計画","","kkini","",""
"korean","ko-00271","1","「사고」の意味は？","事故","市役所 / ショートメール / ボーナス / 事故","길에서 작은 사고가 났다. — 道で小さな事故が起きた。","sago","",""
"korean","ko-00209","1","「경제」の意味は？","経済","答え / 経済 / 弁護士 / 不況","요즘 경제가 아주 어렵다. — 最近経済がとても厳しい。","gyeongje","",""
"korean","ko-01351","1","「가전제품」の意味は？","家電製品","体 / 家電製品 / 故郷 / 日陰","","gajeonjepum","",""
"korean","ko-00272","1","「경찰」の意味は？","警察","毎日 / 女 / 炒め物 / 警察","경찰이 길에서 사람들을 돕는다. — 警察が道で人々を助ける。","gyeongchal","",""
"korean","ko-00208","1","「역사」の意味は？","歴史","風 / 歴史 / 変だ / 故郷","나는 역사를 아주 좋아한다. — 私は歴史がとても好きだ。","yeoksa","",""
"korean","ko-01352","1","「청소기」の意味は？","掃除機","科目 / 教材 / 掃除機 / 傷跡","","cheongsogi","",""
"korean","ko-01332","1","「비누」の意味は？","石けん","記録 / 石けん / 家電製品 / 予防","","binu","",""
"korean","ko-00273","1","「우체국」の意味は？","郵便局","郵便局 / 足首 / ハードウェア / 費用","나는 우체국에서 편지를 보낸다. — 私は郵便局で手紙を送る。","ucheguk","",""
"korean","ko-00263","1","「운전」の意味は？","運転","背中 / 権利 / 運転 / 全く（〜ない）","그는 운전을 아주 잘한다. — 彼は運転がとても上手だ。","unjeon","",""
"korean","ko-01353","1","「다리미」の意味は？","アイロン","アイロン / いいえ / 教室 / アイスクリーム","","darimi","",""
"korean","ko-01343","1","「도마」の意味は？","まな板","銀行 / 唇 / まな板 / 失望","","doma","",""
"korean","ko-01333","1","「칫솔」の意味は？","歯ブラシ","お菓子 / 涙 / 薬局 / 歯ブラシ","","chitsol","",""
"korean","ko-00274","1","「대사관」の意味は？","大使館","ガス / 材料 / ワクチン / 大使館","나는 대사관에서 서류를 받는다. — 私は大使館で書類を受け取る。","daesagwan","",""
"korean","ko-00262","1","「건강」の意味は？","健康","健康 / 冬 / 延着 / 地震","가족의 건강이 제일 중요하다. — 家族の健康が一番大事だ。","geongang","",""
"korean","ko-00258","1","「사랑」の意味は？","愛","愛 / 〜台 / 牛乳 / 夏","가족의 사랑은 아주 크다. — 家族の愛はとても大きい。","sarang","",""
"korean","ko-01354","1","「선풍기」の意味は？","扇風機","扇風機 / 日差し / 知識 / 電気","","seonpunggi","",""
"korean","ko-00371","1","「부르다」の意味は？","呼ぶ","尋ねる / 呼ぶ / 生産する / 対処する","선생님이 학생의 이름을 부른다. — 先生が学生の名前を呼ぶ。","bureuda","",""
"korean","ko-01342","1","「칼」の意味は？","包丁","行政 / 梅雨 / 需要 / 包丁","","kal","",""
"korean","ko-01330","1","「걸레」の意味は？","雑巾","預金 / したがって / 雑巾 / おおむね","","geolle","",""
"korean","ko-00275","1","「극장」の意味は？","劇場","劇場 / 歯ブラシ / 準備 / 明確だ","우리는 극장에서 영화를 본다. — 私たちは劇場で映画を見る。","geukjang","",""
"korean","ko-00261","1","「약」の意味は？","薬","薬 / 腰 / スープ / 仕事","나는 하루에 세 번 약을 먹는다. — 私は一日に三回薬を飲む。","yak","",""
"korean","ko-00259","1","「연애」の意味は？","恋愛","清潔だ / 恋愛 / 唇 / 夜明け","그는 요즘 연애를 한다. — 彼は最近恋愛をしている。","yeonae","",""
"korean","ko-00205","1","「세계」の意味は？","世界","世界 / 面接 / 担当 / 損失","이 소식은 온 세계에 알려졌다. — この知らせは世界中に知られた。","segye","",""
"spanish","es-00602","2","「sur」の意味は？","south","madness / work / south / return","¿Dónde está la terminal sur? — 南ターミナルはどこですか。","sUr","",""
"spanish","es-01831","5","「arruinar」の意味は？","to ruin","to ruin / to flee / to think / to owe","Beber en exceso te va a arruinar la salud. — 飲みすぎると健康を害するよ。","arwinAr","",""
"spanish","es-00719","2","「copa」の意味は？","(wine) glass; drink","birthday / media / imagination / (wine) glass; drink","Sírvase otra copa. — もう１杯召し上がれ。","kOpa","",""
"spanish","es-01353","4","「gritar」の意味は？","to shout","to cry / to act / to shout / to discover","Él empezó a gritar. — 彼は叫び始めた。","gritAr","",""
"spanish","es-00799","2","「colega」の意味は？","colleague","colleague / prize / north / treaty","Él es mi colega. — 彼は私の仕事仲間である。","kolEga","",""
"spanish","es-00137","1","「suficiente」の意味は？","sufficient","hill / sufficient / testimony / interview","Tenemos suficiente comida. — 私たちに十分な食べ物がある。","sufithYente","",""
"spanish","es-00147","1","「clase」の意味は？","class, lesson, kind","lesson / achieved / class, lesson, kind / to control","Tengo clase mañana. — 明日授業があります。","klAse","",""
"spanish","es-00157","1","「loco」の意味は？","crazy, mad","crazy, mad / rescue / forehead / alliance","¿Cajas redondas? ¿Estás loco? — 円い箱か？あんた正気か？","lOko","",""
"spanish","es-00601","2","「diablo」の意味は？","devil","palace / television / devil / heart","Hasta el diablo llora. — 鬼の目にも涙。","dYablo","",""
"spanish","es-01830","5","「prohibido」の意味は？","forbidden","reward / bad / forbidden / to investigate","Prohibido pisar la hierba. — 芝生の上を歩くな。","proibIdo","",""
"spanish","es-01806","5","「lujo」の意味は？","luxury","luxury / to buy / honor / shrub","La televisión era un lujo antiguamente. — テレビは、昔ぜいたく品だった。","lUho","",""
"spanish","es-00718","2","「beso」の意味は？","kiss","book / to imagine / kiss / hero","Ella le devolvió el beso. — 彼女は彼にキスを返した。","bEso","",""
"spanish","es-01350","4","「ilegal」の意味は？","illegal","neck / physique / pizza / illegal","Tom es un inmigrante ilegal. — トムはね、不法滞在者なんだ。","ilegAl","",""
"spanish","es-00798","2","「enfermedad」の意味は？","illness","liberty / pair / dead person / illness","¿Su enfermedad se curará? — 彼の病気は治りますか。","enfermedAd","",""
"spanish","es-00136","1","「escucha」の意味は？","listening","hole / wallet / obvious / listening","¡Calla y escucha! — 黙って聞け！","eskUcha","",""
"spanish","es-00140","1","「equipo」の意味は？","team","team / charge / grass / hope","Nuestro equipo perdió. — わがチームが負けた。","ekIpo","",""
"spanish","es-00156","1","「igual」の意味は？","equal","guard, sentry / equal / warehouse / kiss","¡Me da igual! — 知るか！","igwAl","",""
"spanish","es-00196","1","「creer」の意味は？","to believe","to believe / to put out / to interrupt / to owe","Ver es creer. — 見ることは信じることである。","kreEr","",""
"spanish","es-00600","2","「bailar」の意味は？","to dance","to reassure / to dance / to lift / to bear","¿Vamos a bailar? — 一緒に踊りませんか？","bailAr","",""
"spanish","es-01837","5","「empleado」の意味は？","employee","tome / employee / alive / to capture","Mi padre es empleado de una empresa. — 私の父は会社員です。","empleAdo","",""
"spanish","es-01807","5","「religión」の意味は？","religion","grass / religion / inside, indoors / culpable person","No tengo ninguna opinión sobre la religión. — 宗教については何の意見も持っていない。","relihYon","",""
"spanish","es-01369","4","「condición」の意味は？","condition","welcome / condition / report / partner","Su condición mejora y empeora. — 彼の状態は良くなったり悪くなったりだ。","kondithYon","",""
"spanish","es-01351","4","「versión」の意味は？","version","grass / cover / version / famous","Su versión es cierta. — 彼女の話は本当である。","bersYon","",""
"spanish","es-00141","1","「grande」の意味は？","big, large","big, large / candy / demon / surname","¿Qué tan grande? — どのくらい広い？","grAnde","",""
"spanish","es-00155","1","「pensar」の意味は？","to think","to reassure / to send / to close / to think","Me cuesta pensar. — 頭が重い。","pensAr","",""
"spanish","es-00195","1","「habitación」の意味は？","room","district / happy / room / oil","¿Arreglo la habitación? — 部屋をきれいにしましょうか。","abitathYon","",""
"spanish","es-01836","5","「colección」の意味は？","collection","collection / object / bank / whisky","","kolegthYon","",""
"spanish","es-01804","5","「enhorabuena」の意味は？","congratulations","paper / one / congratulations / to look at","","enorabwEna","",""
"spanish","es-01368","4","「ducha」の意味は？","shower","explanation / brother / shower / saturday","Tom estaba en la ducha. — トムはお風呂に入っていた。","dUcha","",""
"spanish","es-00142","1","「llegar」の意味は？","to arrive","to arrive / doubt / whole, entire / circus","Lamento llegar tarde. — 遅刻してすみません。","yegAr","",""
"german","de-00684","2","「Miteinander」の意味は？","cooperation","recording; admission / damned / apart / cooperation","Zwei Ärzte fachsimpelten miteinander. — 二人の医者が医学の話をしていた。","","",""
"german","de-00696","2","「überrascht」の意味は？","surprised","also / surprised / threat / often","War Tom überrascht? — トムは驚いてた？","ybarAsht","",""
"german","de-00656","2","「Gold」の意味は？","gold","bear / nearness / wood / gold","Schweigen ist Gold. — 言わぬが花。","golt","",""
"german","de-00620","2","「Geburtstag」の意味は？","birthday","wash / check / birthday / invented","Wer hat Geburtstag? — 誰の誕生日？","gabUatstak","",""
"german","de-00636","2","「verändert」の意味は？","changed","to confirm / possibility / changed / rope","Das Klima verändert sich. — 気候は変化している。","feaEndat","",""
"german","de-01743","5","「erwischen」の意味は？","to catch","to catch / to use / to beat / to go","Der Verkehrsunfall hinderte mich daran den Zug zu erwischen. — その事故のせいで、列車に乗り遅れてしまった。","ervIshan","",""
"german","de-01753","5","「Kreis」の意味は？","circle","future / feeling / circle / pass","Zeichne einen Kreis. — 円を描いてくれ。","krais","",""
"german","de-00898","3","「Lösung」の意味は？","solution","solution / next to it / to know / eye","Streit ist keine Lösung. — 喧嘩では何事も解決しない。","lEzung","",""
"german","de-00818","3","「daher」の意味は？","from there","from there / elegant / to dream / to wash","Daher kam ich zu spät zum Unterricht. — こういうわけで私は学校に遅れた。","dAhea","",""
"german","de-01051","3","「stehlen」の意味は？","to steal","applause / task / energy / to steal","Geld zu stehlen ist nicht richtig. — お金を盗むのは良くない。","shtElan","",""
"german","de-01019","3","「Zufall」の意味は？","chance","chance / traitor / energy / nose","Was für ein Zufall! — 偶然だね！","tsUfal","",""
"german","de-01029","3","「ähnlich」の意味は？","similar","similar / project / bum / bet","Wem sieht er ähnlich? — 彼は誰に似ていますか。","Enlih","",""
"german","de-00685","2","「wohnen」の意味は？","to live","to warn / to watch out / to see / to live","Sie wohnen dort. — 彼らはそこにすんでいる。","vOnan","",""
"german","de-00691","2","「zweite」の意味は？","second","deep / expected / second / whole","Japan ist sozusagen seine zweite Heimat. — 日本はいわば彼の第２の故郷です。","tsvAita","",""
"german","de-00659","2","「Wein」の意味は？","wine","king / amazing / wine / except","Sie mag Wein. — 彼女はぶどう酒が好きだ。","vain","",""
"german","de-00621","2","「Haut」の意味は？","skin","memory / skin / annoying noise / secret","Ihre Haut ist glatt. — 彼女の肌は滑らかです。","haut","",""
"german","de-00635","2","「Bleibe」の意味は？","abode","buddy, mate / to leave up to / holiday / abode","Bleibe bitte stehen! — どうか立ったままでいて下さい。","blAiba","",""
"german","de-01752","5","「Wirklichkeit」の意味は？","reality","reality / mum / nearness / alert","In Wirklichkeit ist er krank. — 実は彼は病気なのです。","vIrklihkait","",""
"german","de-01768","5","「üben」の意味は？","to practice","to step / to stand / to forget / to practice","Es ist äußerst wichtig, jeden Tag zu üben. — 毎日練習することが極めて重要です。","Yban","",""
"german","de-00887","3","「Zeitpunkt」の意味は？","moment","pleasant / moment / in the morning / to go in","Zu diesem Zeitpunkt duschte ich gerade. — その時はシャワーを浴びていた。","tsAitpungkt","",""
"german","de-00897","3","「weißen」の意味は？","to whiten","idiotic / to whiten / help / to stick","Ken hat einen weißen Hund. — 健は白い犬を飼っている。","vAisan","",""
"german","de-01052","3","「Rechte」の意味は？","right","right / camera / friendship / notification","Meine rechte Schulter schmerzt. — 右の肩が痛む。","rEhta","",""
"german","de-01032","3","「Lager」の意味は？","camp, warehouse","camp, warehouse / to hit / hurry / pursued","Ich bin aus dem Lager abgehauen. — 私は収容所から脱走した。","lAga","",""
"german","de-01028","3","「wahnsinnig」の意味は？","mad","to romp / elsewhere / hereby / mad","Ich mag Französisch wahnsinnig gern. — フランス語が堪らなく好きです。","vAnzinih","",""
"german","de-00690","2","「anderer」の意味は？","other","at that time / god / other / deserved","Respektiere die Persönlichkeit anderer. — 人の人格を認め尊重する。","Andarar","",""
"german","de-00658","2","「Regierung」の意味は？","government/administration","leader / government/administration / to suspect / captain","Die Regierung bedrängte das Volk. — その政府は国民を圧迫した。","regIrung","",""
"german","de-00622","2","「Wette」の意味は？","bet","clinic / bet / fever / love","Rennen wir zur Bushaltestelle um die Wette! — バスの停留所まで競争しよう。","vEta","",""
"german","de-00634","2","「persönlich」の意味は？","personal","personal / to teach / pause / cellar","Er kam persönlich. — 彼本人がやってきた。","perzEnlih","",""
"german","de-01799","5","「Mitleid」の意味は？","pity","laboratory / bear / emperor / pity","Verwechsle nie Mitleid mit Liebe. — 同情と愛情を決して混同しないように。","mItlait","",""
"german","de-01751","5","「Gedächtnis」の意味は？","memory","memory / building / to decide / rum","Tom verlor sein Gedächtnis. — トムは記憶を失った。","gadEhtnis","",""
"french","fr-01953","5","「remède」の意味は？","remedy","epoch / covered / remedy / command","Ce remède te fera te sentir mieux. — この薬を飲めば、気分が良くなりますよ。","ramed","",""
"french","fr-01943","5","「culpabilité」の意味は？","guilt","mad / to jump / guilt / to forget","Il a confessé sa culpabilité. — 彼は罪を白状した。","kylpabilite","",""
"french","fr-00497","2","「ciel」の意味は？","sky","oil / interest / sky / cup","Le ciel s'assombrit. — 空が暗くなってきた。","syel","",""
"french","fr-00487","2","「attaque」の意味は？","attack","attack / flower / youth / money","L'acide attaque le métal. — 酸は金属を腐食させる。","atak","",""
"french","fr-01933","5","「rêver」の意味は？","to dream","to love / to avenge / to take back / to dream","Je crois rêver. — 夢みたいだ。","reve","",""
"french","fr-01493","4","「portée」の意味は？","reach","liquid / garage / reach / face","Elle est portée sur la boisson. — 彼女は飲むのが好きだ。","porte","",""
"french","fr-00552","2","「appartement」の意味は？","apartment","happy / apartment / to be quiet / influence","J'aime bien ton appartement. — 僕は君のアパートが好きだ。","apartama","",""
"french","fr-01738","5","「éloigner」の意味は？","to move away","to look for / treatment / discount / to move away","Nous sommes dans un quartier dangereux, alors prenez garde à ne pas vous éloigner de moi. — この町は危ないですから、私から離れないようにしてください。","elwaye","",""
"french","fr-01726","5","「incapable」の意味は？","unable","to guess / intention / unable / anger","Je suis incapable de cuisiner. — 私は炊事が全然できない。","enkapabl","",""
"french","fr-01714","5","「épaule」の意味は？","shoulder","husband / shoulder / police officer / dad","Il regarda par-dessus son épaule. — 彼は肩越しに振り返った。","epol","",""
"french","fr-01754","5","「décès」の意味は？","death","piglet / security / death / lorry","Dix ans ont passé depuis son décès. — 彼女が亡くなってから、十年がたちました。","dese","",""
"french","fr-01746","5","「territoire」の意味は？","territory","territory / work / worst / county","","teritwar","",""
"french","fr-00446","2","「pareil」の意味は？","similar","similar / title / furrow / to destroy","Tout sera pareil d'ici cent ans. — 百年後にはみな同じになる。","parey","",""
"french","fr-01954","5","「cimetière」の意味は？","cemetery","cemetery / Christmas / commander / to control","","simtyer","",""
"french","fr-01942","5","「cité」の意味は？","city","intention / city / honey / week","","site","",""
"french","fr-00494","2","「preuve」の意味は？","evidence","evidence / patience / name / beard","D'après cette preuve, il est innocent. — この証拠から彼は無罪ということになる。","prev","",""
"french","fr-00486","2","「poste」の意味は？","post, position","possible / bad / defence / post, position","Il est en poste. — 彼は役職についている。","post","",""
"french","fr-01930","5","「comté」の意味は？","county","congress / to study / county / ship","","konte","",""
"french","fr-01492","4","「annoncer」の意味は？","to announce","to announce / priest / to witness / water","J’ai une triste nouvelle à vous annoncer. — 悲しいお知らせがあります。","anonse","",""
"french","fr-00551","2","「milieu」の意味は？","middle","middle / ear / navy / complaint","Elle se tenait au milieu des garçons. — 彼女は少年たちの中に立っていた。","milye","",""
"french","fr-01739","5","「adaptation」の意味は？","adaptation","adaptation / example / loss / 20 francs","","adaptasyon","",""
"french","fr-01725","5","「fêter」の意味は？","to celebrate","chair / personally / to celebrate / sand","","fete","",""
"french","fr-01715","5","「taux」の意味は？","rate","to thank / artist / rate / situation","Mon taux de cholestérol est élevé. — コレステロール値が上がってきています。","to","",""
"french","fr-01755","5","「livrer」の意味は？","to deliver","to arrive / to slap / to sort out / to deliver","Ma mère a acheté un réfrigérateur et se l'est fait livrer. — 母は冷蔵庫を買って届けさせた。","livre","",""
"french","fr-01741","5","「jeunesse」の意味は？","youth","north / code / Boston / youth","Rendez-moi ma jeunesse ! — 俺の青春を返せ！","zhenes","",""
"french","fr-01955","5","「couler」の意味は？","to flow","to express / to flow / to continue / side","Ne laisse pas l'eau couler. — 水を出しっぱなしにしておくな。","kule","",""
"french","fr-01941","5","「léger」の意味は？","light","light / evident / dark / adult","J'aime mon café léger. — コーヒーは薄いのが好きです。","lezhe","",""
"french","fr-00495","2","「oublier」の意味は？","to forget","funny / to forget / flat area / gun","Sadako voulait oublier tout ça. — 禎子は、それを忘れてしまいたかった。","ubliye","",""
"french","fr-00481","2","「but」の意味は？","aim","tail / food / aim / wall","Il atteignit son but. — 彼は目的を達成した。","byt","",""
"french","fr-01909","5","「pervers」の意味は？","perverse","perverse / behavior / destiny / salad","","perver","",""
"portuguese","pt-00620","2","「lápide」の意味は？","tombstone","midwife / to run / tombstone / morning","","lApiji","",""
"portuguese","pt-00186","1","「imediatamente」の意味は？","immediately","immediately / canteen / flag / elasticity","Coloquei os sapatos imediatamente. — すぐに靴を履いた。","imejiatamEnchi","",""
"portuguese","pt-00146","3","「feliz」の意味は？","happy","company / happy / table / fast","Feliz aniversário, Muiriel! — お誕生日おめでとうムーリエル！","felIs","",""
"portuguese","pt-00150","3","「ocupado」の意味は？","busy","night / strong / busy / idea","Estava ocupado ontem. — 昨日は忙しかったんだよ。","okupAdu","",""
"portuguese","pt-00166","1","「resto」の意味は？","rest","rest / reimbursement / alchemy / big","","rEstu","",""
"portuguese","pt-00134","3","「forte」の意味は？","strong","he / true / strong / woman","Como ele é forte! — 彼は何て強いんだ。","fOrchi","",""
"portuguese","pt-00623","2","「incapacidade」の意味は？","inability","to decide / nurse / float / inability","","inkapasidAji","",""
"portuguese","pt-00187","1","「namorado」の意味は？","boyfriend","injustice / woman / counter / boyfriend","O que você comprou para seu namorado? — 彼氏に何を買ってあげたの？","namorAdu","",""
"portuguese","pt-00147","3","「triste」の意味は？","sad","no / government / tired / sad","Isso é muito triste. — それは本当に悲しいことです。","trIschi","",""
"portuguese","pt-00157","1","「pessoa」の意味は？","person","hypnosis / person / infantry / suppression","Quem é aquela pessoa? — あの人はだれですか。","pesOwa","",""
"portuguese","pt-00167","1","「ar」の意味は？","air","impasse / depression / gene / air","Neste quarto tem ar-condicionado. — この部屋にはエアコンがありますよ。","Ar","",""
"portuguese","pt-00137","3","「baixo」の意味は？","short","work / to understand / short / house","Nosso salário é baixo, mas estamos indo. — 我々の収入は少ないが、なんとかやっています。","bAyshu","",""
"portuguese","pt-00622","2","「caução」の意味は？","bail","bail / dawn / to eat / confrontation","","kawsAwn","",""
"portuguese","pt-00180","1","「fome」の意味は？","hunger","hunger / reelection / sheet / rocket","Estou com fome. — 腹減ったな。","fOnmi","",""
"portuguese","pt-00156","1","「caso」の意味は？","case","case / passport / world / coagulation","Em caso de incêndio, utilize esta escada. — 火事の場合には、この非常階段を使いなさい。","kAzu","",""
"portuguese","pt-00164","1","「prisão」の意味は？","prison","transition / fragment / prison / car","","prizAwn","",""
"portuguese","pt-00136","3","「alto」の意味は？","tall","tall / to walk / fast / small","Você é alto? — 君って背が高いの？","Awtu","",""
"portuguese","pt-00625","2","「javali」の意味は？","wild boar","lever / wild boar / heart / optimism","","zhavalI","",""
"portuguese","pt-00181","1","「professor」の意味は？","teacher","lightly / teacher / waistcoat / camouflage","Ele ama esse professor. — 彼はその先生が好きです。","profesOr","",""
"portuguese","pt-00155","1","「dentro」の意味は？","inside","lipstick / latex / next / inside","Dentro do hotel tem uma barbearia? — ホテルの中に理髪店はありますか。","dEntru","",""
"portuguese","pt-00165","1","「rei」の意味は？","king","gondola / king / compare / hatred","Eu sou o rei do mundo! — 俺は世界の王様だよ！","rEy","",""
"portuguese","pt-00131","3","「verdadeiro」の意味は？","true","to learn / eight / shoe / true","Pode ser que este diamante não seja verdadeiro. — これは本物のダイヤではないかもしれない。","verdadEyru","",""
"portuguese","pt-00624","2","「rifle」の意味は？","rifle","rifle / gene / stole / platform","","rIfli","",""
"portuguese","pt-00182","1","「hipótese」の意味は？","hypothesis","weak / answer / hypothesis / clothes","","ipOtezi","",""
"portuguese","pt-00154","1","「lado」の意味は？","side","side / coast / plumage / caramel","Estou do teu lado. — 私はあなたの味方です。","lAdu","",""
"portuguese","pt-00162","1","「casamento」の意味は？","wedding","wedding / next / poster / true","Mês passado, eu organizei uma cerimônia de casamento. — 私は先月結婚式を挙げました。","kazamEntu","",""
"portuguese","pt-00130","3","「possível」の意味は？","possible","possible / he / world / coffee","Ela pensou em uma possível solução. — 彼女は可能性のある解決法を思いついた。","posIvew","",""
"portuguese","pt-00627","2","「cavidade」の意味は？","cavity","poison / beginner / house / cavity","","kavidAji","",""
"portuguese","pt-00183","1","「sonho」の意味は？","dream","pavilion / obesity / occurrence / dream","Não foi um sonho. — 夢じゃなかった。","sOnyu","",""
"portuguese","pt-00163","1","「palavra」の意味は？","word","wreath / medal / electorate / word","Beijamo-nos sem dizer palavra. — 言葉も交わさずキスをした。","palAvra","",""
"polish","pl-00058","2","「mały」の意味は？","small","long / small / to work / bright","O mały włos. — 危うい所を助かった。","mawi","",""
"polish","pl-00042","1","「wieczór」の意味は？","evening","time / evening / to rest / moon","Płakała cały wieczór. — 彼女は一晩中泣いた。","viechur","",""
"polish","pl-00090","2","「lekki」の意味は？","light","short / difficult / light / weak","Mam bardzo lekki sen. — 眠りが浅いんだ。","lekki","",""
"polish","pl-00059","2","「nowy」の意味は？","new","sea / morning / fast / new","Kupił nowy samochód. — 彼は新しい車を買った。","novi","",""
"polish","pl-00045","1","「jabłko」の意味は？","apple","to rest / dog / blue / apple","Kto ukradł jabłko? — 誰がリンゴを盗んだのですか？","yabwko","",""
"polish","pl-00091","2","「jasny」の意味は？","bright","moon / bright / eye / to buy","Księżyc jest jasny. — 月は明るい。","yasni","",""
"polish","pl-00085","2","「czysty」の意味は？","clean","clean / salt / to wait / loud","","chisti","",""
"polish","pl-00044","1","「kawa」の意味は？","coffee","woman / coffee / salt / head","Ta kawa jest gorzka. — このコーヒーは苦い味がする。","kava","",""
"polish","pl-00096","2","「pić」の意味は？","to drink","to drink / to answer / yes / chair","Nie lubię pić. — 私はお酒が嫌いです。","pich","",""
"polish","pl-00084","2","「tani」の意味は？","cheap","cheap / young / death / to understand","Ten produkt jest tani. — この品物は安い。","tani","",""
"polish","pl-00153","1","「trochę」の意味は？","little","ignition / little / chair / low","Jestem trochę zmęczony. — ちょっと疲れてしまって。","trOhe","",""
"polish","pl-00047","1","「mięso」の意味は？","meat","long / year / meat / pretty","Daję psu mięso. — 私は犬に肉をやる。","mienso","",""
"polish","pl-00097","2","「spać」の意味は？","to sleep","cat / to sleep / question / empty","Połóż dziecko spać. — その子を寝かせなさい。","spach","",""
"polish","pl-00087","2","「pełny」の意味は？","full","cat / full / happy / to read","Tom ma pełny portfel, bo odebrał dziś wypłatę. — トムは今日給料をもらったのでふところがあったかい。","pewni","",""
"polish","pl-00152","1","「zawsze」の意味は？","always","anger / old / always / rodeo","Zawsze jestem melancholijny. — いつもうっとうしい感じがするのです。","zAfshe","",""
"polish","pl-00046","1","「ryba」の意味は？","fish","to return / fish / to buy / name","Ta ryba jest niejadalna. — この魚は食べるのに適さない。","riba","",""
"polish","pl-00094","2","「cichy」の意味は？","quiet","quiet / milk / tall / healthy","A więc to tak, śledzisz Hanako! Ostatnio byłeś taki cichy, że nie uważałam na ciebie. — まさか花子さんをストーキングするなんて・・・！最近、おとなしいから油断したわ！","chihi","",""
"polish","pl-00086","2","「brudny」の意味は？","dirty","dirty / to see / to purchase / clean","Jego pokój jest brudny. — 彼の部屋は汚い。","brudni","",""
"polish","pl-00151","1","「bardzo」の意味は？","very","overlook / monopoly / reward / very","Bardzo mi przykro. — 本当にすみません。","bArdzo","",""
"polish","pl-00095","2","「jeść」の意味は？","to eat","death / to begin / to eat / evening","Co chcesz jeść? — 何食べたい？","yeshch","",""
"polish","pl-00081","2","「zdrowy」の意味は？","healthy","hand / to wash / life / healthy","Mój brat jest zdrowy. — 私の兄は健康だ。","zdrovi","",""
"polish","pl-00150","3","「pytanie」の意味は？","question","chair / question / love / to ask","Mam głupie pytanie. — バカな質問があるんだ。","pitanie","",""
"polish","pl-00166","1","「wygrać」の意味は？","win","win / manufacture / nightmare / ignition","Zrobią wszystko, by wygrać. — 彼らは勝つためには何でもする。","vgrAch","",""
"polish","pl-00080","2","「chory」の意味は？","sick","easy / street / sick / loud","Chyba był chory. — 彼は病気だったらしい。","hori","",""
"polish","pl-00157","1","「ślub」の意味は？","wedding","holiday / wedding / difficulty / rifle","To chyba ślub. — 結婚式かもしれません。","shlUp","",""
"polish","pl-00167","1","「sygnał」の意味は？","signal","symptom / mechanics / singer / signal","Proszę o sygnał. — お知らせください。","sgnAw","",""
"polish","pl-00083","2","「słaby」の意味は？","weak","cheap / night / bad / weak","Z fizyki jestem słaby. — 物理は私の苦手な学科です。","swabi","",""
"polish","pl-00156","1","「reszta」の意味は？","rest","rest / blue / ability / cobra","Kilka róż w ogrodzie jest białych, cała reszta jest czerwona. — 庭のばらのいくつかは白だが、残りは全部赤です。","rEshta","",""
"polish","pl-00164","1","「lunch」の意味は？","lunch","currency / bag / lunch / bonus","Zjedliśmy lunch wcześniej niż zwykle i wyszliśmy o wpół do pierwszej. — 我々はいつもより早く昼食を食べて１２時半に出た。","lAntsh","",""
"polish","pl-00082","2","「silny」の意味は？","strong","strong / black / friend / to sing","On jest silny. — 彼は強い。","silni","",""
"russian","ru-00376","2","「международный」の意味は？","international","international / cocktail / add / always","Я хотел бы совершить международный звонок. — 国際電話をかけたいのですが。","mizhdunarOdyy","",""
"russian","ru-00368","2","「сообщество」の意味は？","community","interview / donor / community / alibi","","saOpshistva","",""
"russian","ru-00203","1","「животное」の意味は？","animal","trajectory / minister / superstar / animal","Это животное питается мясом. — その動物は肉を常食としている。","zhyvOtnaya","",""
"russian","ru-00263","1","「расписание」の意味は？","timetable","old / river / growth / timetable","Покажите, пожалуйста, расписание. — 時刻表を見せてください。","raspisAniye","",""
"russian","ru-00559","3","「скутер」の意味は？","scooter","shampoo / now / lighthouse / scooter","","skUtyr","",""
"russian","ru-00535","3","「горилла」の意味は？","gorilla","library / sensation / execution / gorilla","Она держала на руках котёнка, как горилла-мать держит своего детёныша. — ゴリラの母親が自分の赤ん坊を抱くように、彼女はその子猫を抱きました。","garIla","",""
"russian","ru-00521","2","「терроризм」の意味は？","terrorism","to create / plateau / terrorism / battalion","","tirarIzm","",""
"russian","ru-00591","3","「титан」の意味は？","titanium","christmas eve / improvement / technology / titanium","","titAn","",""
"russian","ru-00585","3","「ингредиент」の意味は？","ingredient","disorder / ingredient / belly / bark","","ingridiYent","",""
"russian","ru-00377","2","「крот」の意味は？","mole","uranium / mouth / mole / injection","","krot","",""
"russian","ru-00367","2","「сравнить」の意味は？","compare","incompetence / express / popularity / compare","Книгу можно сравнить с другом. — 本は友になぞらえることが出来る。","sravnIt","",""
"russian","ru-00204","1","「взрыв」の意味は？","explosion","explosion / degree / skeleton / hurricane","Последовавший взрыв унёс жизни многих людей. — 続いて起きた爆発で多くの人が死んだ。","vzryf","",""
"russian","ru-00260","1","「коктейль」の意味は？","cocktail","ask / song / cocktail / question","Куба либре - коктейль на основе рома. — キューバリブレはラム酒をベースにしたカクテルです。","kaktEyl","",""
"russian","ru-00520","2","「трясти」の意味は？","shake","shake / inconvenience / no / car","","tristI","",""
"russian","ru-00592","3","「гонг」の意味は？","gong","gong / poison / symbol / hospitality","","gonk","",""
"russian","ru-00584","3","「каменный」の意味は？","stone","beaker / mistake / stone / landscape","","kAmiyy","",""
"russian","ru-00370","2","「зависимость」の意味は？","dependence","dependence / wipe / poet / plaster cast","","zavIsimast","",""
"russian","ru-00366","2","「закрывать」の意味は？","cover","cover / user / posterity / regiment","","zakryvAt","",""
"russian","ru-00205","1","「добавить」の意味は？","add","boxer / add / author / monk","Вам добавить хлеба? — パンのお代わりはいかがですか？","dabAvit","",""
"russian","ru-00261","1","「ущерб」の意味は？","damage","bass / damage / guild / hunting","Он компенсировал ущерб. — 彼はその損失を補った。","ushErp","",""
"russian","ru-00275","1","「массаж」の意味は？","massage","hernia / wallpaper / witch / massage","Тот массаж был приятным. — あのマッサージ、気持ちよかった。","masAsh","",""
"russian","ru-00523","3","「издатель」の意味は？","publisher","prayer / specimen / leukemia / publisher","","izdAtil","",""
"russian","ru-00593","3","「ризотто」の意味は？","risotto","tank / victory / risotto / skyscraper","","rizOta","",""
"russian","ru-00583","3","「лава」の意味は？","lava","rise / region / cognac / lava","","lAva","",""
"russian","ru-00371","2","「выживание」の意味は？","survival","birth / love / terrorist / survival","","vyzhyvAniye","",""
"russian","ru-00365","2","「фантазия」の意味は？","fantasy","spectrum / doctor / fantasy / crisis","","fantAziya","",""
"russian","ru-00206","1","「сок」の意味は？","juice","to decide / dog / juice / alchemist","Том пьёт сок. — トムはジュースを飲んでいる。","sok","",""
"russian","ru-00266","1","「интересный」の意味は？","interesting","hi / lighthouse / interesting / dilemma","Математика - интересный предмет. — 数学は面白い科目です。","intirEsyy","",""
"russian","ru-00274","1","「дата」の意味は？","date","date / bedroom / head / collision","","dAta","",""
"russian","ru-00538","3","「индустрия」の意味は？","industry","industry / page / zero / author","Компьютерная индустрия процветает. — コンピューター業界は景気がいい。","industrIya","",""